hcp_id,specialty,region,decile,patient_volume,potential_score,receptivity_score,rep_id,segment,kmeans_cluster,kmeans_segment
HCP0000,Primary Care,West,1,62,17.253684585995583,26.05990847169969,REP028,Low Priority,2,Low Priority
HCP0001,Oncology,Midwest,5,1154,63.0531115878582,89.44719883991299,REP001,Key Target,0,Maintain
HCP0002,Primary Care,West,5,1504,70.7699262193007,60.45725036051546,REP028,Key Target,0,Maintain
HCP0003,Primary Care,West,3,1124,55.7776476401199,62.59375161227968,REP015,Maintain,0,Maintain
HCP0004,Cardiology,South,2,798,43.85842593972252,48.81955269607501,REP002,Low Priority,2,Low Priority
HCP0005,Primary Care,West,1,1665,49.9470520160037,51.54257835113128,REP008,Low Priority,0,Maintain
HCP0006,Primary Care,South,1,773,17.033853319330422,74.29101364478666,REP024,Maintain,2,Low Priority
HCP0007,Primary Care,South,5,1435,64.99293306968538,54.35325762609569,REP035,Growth,0,Maintain
HCP0008,Cardiology,Midwest,1,955,20.45790878251007,65.61387876049466,REP013,Maintain,2,Low Priority
HCP0009,Neurology,West,10,101,68.38402309648495,51.07991404309968,REP016,Growth,1,Growth
HCP0010,Oncology,South,3,1084,51.9758828755767,48.15694218535906,REP002,Low Priority,0,Maintain
HCP0011,Primary Care,West,7,146,68.6503513736642,26.86171668796276,REP028,Growth,1,Growth
HCP0012,Primary Care,Midwest,7,1865,100.0,15.44501875265744,REP000,Growth,3,Key Target
HCP0013,Primary Care,West,5,1223,52.49168194129719,49.76876197867196,REP036,Low Priority,0,Maintain
HCP0014,Oncology,Northeast,9,775,89.84891631732361,56.129933839864655,REP034,Key Target,1,Growth
HCP0015,Endocrinology,Northeast,2,998,39.647608026939146,29.277399265824183,REP037,Low Priority,2,Low Priority
HCP0016,Neurology,South,3,1257,72.19299000180351,54.31050269930734,REP014,Growth,0,Maintain
HCP0017,Cardiology,South,3,557,26.267896696643547,56.07505125981004,REP007,Maintain,2,Low Priority
HCP0018,Primary Care,West,2,612,28.17457917920644,11.87983987881242,REP015,Low Priority,2,Low Priority
HCP0019,Primary Care,Midwest,3,866,59.29682144435651,36.697506810409976,REP027,Low Priority,2,Low Priority
HCP0020,Primary Care,South,4,554,49.44982673077239,63.14527787470937,REP014,Maintain,2,Low Priority
HCP0021,Oncology,South,8,1527,100.0,62.74117458791488,REP033,Key Target,3,Key Target
HCP0022,Primary Care,West,4,252,39.21667549619102,31.92650167200479,REP009,Low Priority,2,Low Priority
HCP0023,Primary Care,South,9,1661,100.0,58.168961009994696,REP002,Key Target,3,Key Target
HCP0024,Primary Care,Midwest,8,729,88.44587624222828,75.44814450720943,REP003,Key Target,1,Growth
HCP0025,Endocrinology,West,10,1144,100.0,70.54145917981796,REP036,Key Target,3,Key Target
HCP0026,Neurology,Northeast,2,357,31.9494686312656,53.094284259721306,REP029,Low Priority,2,Low Priority
HCP0027,Cardiology,West,10,801,89.0409758649157,45.64047373351416,REP015,Growth,1,Growth
HCP0028,Endocrinology,Northeast,7,1521,96.65194378265232,42.41311031330992,REP029,Growth,3,Key Target
HCP0029,Primary Care,Midwest,10,577,95.8549277062906,64.35639565819314,REP023,Key Target,1,Growth
HCP0030,Primary Care,West,4,307,34.744655294463136,58.90207946285776,REP016,Maintain,2,Low Priority
HCP0031,Primary Care,South,10,1067,100.0,67.588080122044,REP024,Key Target,3,Key Target
HCP0032,Oncology,West,6,366,52.169678778675575,57.63747626242304,REP008,Maintain,1,Growth
HCP0033,Oncology,South,1,663,16.001389385106044,71.37527900694883,REP014,Maintain,2,Low Priority
HCP0034,Neurology,South,5,928,60.371082067090846,56.891850659154,REP024,Key Target,0,Maintain
HCP0035,Endocrinology,Midwest,2,1149,35.89309091702671,70.69377432263373,REP001,Maintain,2,Low Priority
HCP0036,Cardiology,Northeast,10,1296,100.0,72.41645540733278,REP020,Key Target,3,Key Target
HCP0037,Neurology,Northeast,4,1369,57.02431604678109,38.909467395503725,REP011,Low Priority,0,Maintain
HCP0038,Endocrinology,Midwest,3,1696,72.09581618392842,18.83711906258508,REP027,Growth,0,Maintain
HCP0039,Primary Care,Northeast,6,178,42.99816745656944,85.86985712029107,REP011,Maintain,2,Low Priority
HCP0040,Oncology,South,5,756,54.369640675351945,60.13317461424524,REP002,Maintain,2,Low Priority
HCP0041,Primary Care,West,1,52,4.303172734278569,20.71028209007757,REP028,Low Priority,2,Low Priority
HCP0042,Primary Care,West,9,68,84.30117383099872,40.72361005562578,REP009,Growth,1,Growth
HCP0043,Oncology,Midwest,9,463,86.21731956493274,70.43748584739657,REP006,Key Target,1,Growth
HCP0044,Primary Care,West,8,1216,92.70612957964484,49.40646337734214,REP015,Growth,3,Key Target
HCP0045,Primary Care,West,7,1794,100.0,44.758771613617455,REP009,Growth,3,Key Target
HCP0046,Oncology,West,5,1558,62.0924612213625,83.01763720625934,REP036,Key Target,0,Maintain
HCP0047,Endocrinology,Midwest,6,1310,80.40493128287274,34.05425707232379,REP023,Growth,3,Key Target
HCP0048,Primary Care,Midwest,6,1567,100.0,39.03693284490332,REP004,Growth,3,Key Target
HCP0049,Cardiology,West,2,385,26.683772051221386,59.22772950096535,REP028,Maintain,2,Low Priority
HCP0050,Endocrinology,Northeast,1,1687,50.71830535335468,62.80909864107765,REP030,Maintain,0,Maintain
HCP0051,Cardiology,Midwest,3,1786,73.03502703713758,64.92686068681463,REP019,Key Target,0,Maintain
HCP0052,Primary Care,Northeast,5,235,53.03984194651476,73.22476089137893,REP022,Maintain,2,Low Priority
HCP0053,Primary Care,West,2,966,24.170266456881123,58.97157241363034,REP039,Maintain,2,Low Priority
HCP0054,Primary Care,South,2,1668,44.24138814567179,64.78767877876818,REP021,Maintain,0,Maintain
HCP0055,Primary Care,Northeast,9,978,98.13233032868918,49.81581481369834,REP017,Growth,3,Key Target
HCP0056,Neurology,Northeast,4,1688,68.48098750481992,56.253966064734286,REP022,Key Target,0,Maintain
HCP0057,Neurology,South,6,1874,100.0,57.150683601072686,REP033,Key Target,3,Key Target
HCP0058,Cardiology,South,6,975,69.85360488091821,59.30196271638072,REP031,Key Target,1,Growth
HCP0059,Cardiology,West,8,165,52.64875411429506,70.45079615165521,REP008,Maintain,1,Growth
HCP0060,Primary Care,Midwest,8,713,71.68088866524803,66.10291363889662,REP010,Key Target,1,Growth
HCP0061,Neurology,West,3,469,13.727591842955398,55.88434005800366,REP036,Maintain,2,Low Priority
HCP0062,Neurology,Midwest,9,974,94.4769957017367,38.8174803011792,REP003,Growth,3,Key Target
HCP0063,Primary Care,West,4,1192,60.29292698188493,56.353425161254194,REP039,Key Target,0,Maintain
HCP0064,Primary Care,Northeast,9,954,92.45429832174482,54.43964430208512,REP034,Growth,1,Growth
HCP0065,Neurology,Northeast,5,431,59.40603231223791,58.86363159626397,REP034,Maintain,2,Low Priority
HCP0066,Neurology,Northeast,2,637,41.51315869213355,99.13050614280804,REP005,Maintain,2,Low Priority
HCP0067,Oncology,Midwest,8,1375,97.0118926131511,44.52454442917529,REP019,Growth,3,Key Target
HCP0068,Cardiology,West,1,102,0.0,63.4457803825072,REP016,Maintain,2,Low Priority
HCP0069,Oncology,Northeast,8,467,80.61325264393807,76.36924134488596,REP029,Key Target,1,Growth
HCP0070,Endocrinology,Midwest,1,1790,57.19288182806861,56.96003828198766,REP032,Maintain,0,Maintain
HCP0071,Oncology,Northeast,3,243,32.55013256125556,100.0,REP017,Maintain,2,Low Priority
HCP0072,Primary Care,West,7,858,85.30183799446493,47.43921416537047,REP016,Growth,1,Growth
HCP0073,Endocrinology,South,10,453,82.00637522831168,61.481784446400944,REP026,Key Target,1,Growth
HCP0074,Cardiology,West,5,254,62.42004308948111,39.02388510214036,REP036,Growth,2,Low Priority
HCP0075,Endocrinology,South,2,874,30.17457797486506,47.96950529713413,REP031,Low Priority,2,Low Priority
HCP0076,Endocrinology,South,3,1066,56.64378341760683,59.97867820793316,REP018,Maintain,0,Maintain
HCP0077,Primary Care,West,9,393,68.32621844469318,71.9260812461546,REP039,Key Target,1,Growth
HCP0078,Neurology,Northeast,8,201,61.5828825018396,61.381896680471485,REP005,Key Target,1,Growth
HCP0079,Primary Care,West,2,312,35.93094917380269,80.18229698669472,REP016,Maintain,2,Low Priority
HCP0080,Primary Care,South,4,1320,62.9128014159932,53.100693788146565,REP026,Growth,0,Maintain
HCP0081,Oncology,South,3,1727,73.89438084106239,48.35662940321989,REP002,Growth,0,Maintain
HCP0082,Primary Care,Midwest,2,401,27.920643109753968,100.0,REP010,Maintain,2,Low Priority
HCP0083,Endocrinology,West,9,674,88.01033475199861,62.88475298884062,REP028,Key Target,1,Growth
HCP0084,Cardiology,Midwest,7,720,84.91080259946152,40.610369080429045,REP019,Growth,1,Growth
HCP0085,Cardiology,Northeast,2,753,32.9317294027848,41.11472475503862,REP011,Low Priority,2,Low Priority
HCP0086,Primary Care,West,7,526,54.90409513949224,36.1464017093732,REP009,Low Priority,1,Growth
HCP0087,Neurology,Northeast,5,157,37.49907926438635,73.73138711713575,REP012,Maintain,2,Low Priority
HCP0088,Endocrinology,Northeast,1,1074,39.25953382961355,47.712454142135165,REP029,Low Priority,2,Low Priority
HCP0089,Neurology,South,5,746,61.81407285090006,57.547249513129714,REP018,Key Target,1,Growth
HCP0090,Endocrinology,Northeast,2,717,21.388533998116493,53.72982651123463,REP022,Low Priority,2,Low Priority
HCP0091,Primary Care,West,3,566,32.35525984473439,69.62984815881869,REP036,Maintain,2,Low Priority
HCP0092,Oncology,Midwest,9,1862,100.0,38.0651181423196,REP027,Growth,3,Key Target
HCP0093,Oncology,Northeast,8,1240,92.0762432470862,33.48855427713969,REP011,Growth,3,Key Target
HCP0094,Oncology,West,2,866,26.64269129118759,59.485946143631885,REP039,Maintain,2,Low Priority
HCP0095,Primary Care,South,9,450,78.22303113504417,67.01918569399794,REP007,Key Target,1,Growth
HCP0096,Oncology,Midwest,6,1612,82.47111611792377,61.650646261952815,REP000,Key Target,3,Key Target
HCP0097,Cardiology,South,9,1782,100.0,38.81092541805344,REP002,Growth,3,Key Target
HCP0098,Cardiology,South,8,113,73.29797048792196,68.54969684182788,REP014,Key Target,1,Growth
HCP0099,Primary Care,Northeast,4,1862,77.38351633528947,40.12278145808732,REP034,Growth,0,Maintain
HCP0100,Primary Care,West,6,1413,80.18868163303415,44.56922710427233,REP009,Growth,3,Key Target
HCP0101,Primary Care,Midwest,6,244,55.21939449631291,36.12092950555996,REP025,Low Priority,2,Low Priority
HCP0102,Endocrinology,South,8,1518,95.4173991403554,81.02316697304062,REP021,Key Target,3,Key Target
HCP0103,Primary Care,West,3,259,21.30034334266048,67.66843082054699,REP008,Maintain,2,Low Priority
HCP0104,Primary Care,South,4,149,28.203230328594262,67.09986751357746,REP021,Maintain,2,Low Priority
HCP0105,Primary Care,South,3,274,25.771494688228348,79.94422842284901,REP002,Maintain,2,Low Priority
HCP0106,Oncology,Midwest,3,946,38.34220960166183,100.0,REP013,Maintain,2,Low Priority
HCP0107,Endocrinology,Northeast,2,1258,48.746476472503,20.81547792179689,REP022,Low Priority,0,Maintain
HCP0108,Cardiology,Midwest,1,844,34.93772539026967,40.23246838245784,REP013,Low Priority,2,Low Priority
HCP0109,Primary Care,West,10,287,74.47821359361406,42.67649831650952,REP009,Growth,1,Growth
HCP0110,Neurology,South,1,438,19.151029689728265,37.98360755234614,REP031,Low Priority,2,Low Priority
HCP0111,Endocrinology,Midwest,9,1712,100.0,33.44833504792575,REP019,Growth,3,Key Target
HCP0112,Oncology,West,1,1927,58.90706948429442,49.00693871889269,REP009,Low Priority,0,Maintain
HCP0113,Neurology,West,8,1520,100.0,30.667925694211903,REP016,Growth,3,Key Target
HCP0114,Endocrinology,West,4,251,26.646205760546952,61.70084735074826,REP008,Maintain,2,Low Priority
HCP0115,Primary Care,Midwest,6,1648,79.10088560914268,56.03396642857229,REP038,Key Target,3,Key Target
HCP0116,Primary Care,South,3,1399,59.210388604679785,64.6205732952731,REP031,Maintain,0,Maintain
HCP0117,Primary Care,South,5,1075,75.10524735796407,65.15456903276505,REP014,Key Target,0,Maintain
HCP0118,Oncology,Midwest,5,329,30.51150103165598,67.06013706853354,REP023,Maintain,2,Low Priority
HCP0119,Primary Care,Midwest,6,1993,100.0,47.53182126352235,REP023,Growth,3,Key Target
HCP0120,Neurology,Northeast,4,913,64.34197604230116,97.42286805267337,REP029,Key Target,0,Maintain
HCP0121,Primary Care,Midwest,6,136,50.175792990350295,59.68862232964196,REP000,Maintain,2,Low Priority
HCP0122,Cardiology,South,9,459,87.87661996821151,17.750304947504098,REP033,Growth,1,Growth
HCP0123,Oncology,West,5,832,55.17544735281758,34.95248508467565,REP039,Low Priority,2,Low Priority
HCP0124,Cardiology,West,4,171,35.32007040578498,20.189940219443685,REP039,Low Priority,2,Low Priority
HCP0125,Neurology,Northeast,2,681,20.057691853534784,55.34669258302615,REP037,Maintain,2,Low Priority
HCP0126,Oncology,South,4,963,37.32025353264901,52.56389551893333,REP035,Low Priority,2,Low Priority
HCP0127,Cardiology,Northeast,2,1899,71.0171264098022,45.63148604201084,REP030,Growth,0,Maintain
HCP0128,Cardiology,South,2,218,13.570040578204464,95.21852224801027,REP002,Maintain,2,Low Priority
HCP0129,Neurology,Midwest,10,1174,100.0,65.97965748153821,REP013,Key Target,3,Key Target
HCP0130,Endocrinology,Midwest,1,1835,42.783461973838456,69.52196722892668,REP004,Maintain,0,Maintain
HCP0131,Primary Care,South,5,1622,69.27024237532899,36.37853024115793,REP014,Growth,0,Maintain
HCP0132,Neurology,Midwest,9,1853,100.0,35.017102173379755,REP027,Growth,3,Key Target
HCP0133,Oncology,West,10,382,83.71338244691482,55.73610998193909,REP036,Key Target,1,Growth
HCP0134,Neurology,South,2,1612,59.32376798395759,58.46014279304452,REP024,Maintain,0,Maintain
HCP0135,Cardiology,West,2,1958,68.57030735183673,17.873768657710862,REP036,Growth,0,Maintain
HCP0136,Primary Care,South,4,685,51.69179717059686,51.39385954300932,REP007,Low Priority,2,Low Priority
HCP0137,Neurology,Midwest,6,1022,75.45880632742755,55.2814416574701,REP003,Key Target,1,Growth
HCP0138,Primary Care,West,10,1085,100.0,50.69701668457742,REP039,Growth,3,Key Target
HCP0139,Cardiology,Midwest,3,1012,40.75924984764091,38.73219175306647,REP010,Low Priority,2,Low Priority
HCP0140,Neurology,South,2,615,30.93552107037666,44.2092963615772,REP024,Low Priority,2,Low Priority
HCP0141,Neurology,Northeast,3,1943,81.63651856415672,51.46281612854408,REP020,Growth,0,Maintain
HCP0142,Primary Care,Northeast,9,1915,100.0,56.81600047220096,REP012,Key Target,3,Key Target
HCP0143,Neurology,South,1,792,16.42589080524342,67.09583165101137,REP033,Maintain,2,Low Priority
HCP0144,Neurology,Northeast,4,1620,70.00115646675305,76.61712409901742,REP030,Key Target,0,Maintain
HCP0145,Endocrinology,West,2,825,47.48996876693808,49.11304552945501,REP028,Low Priority,2,Low Priority
HCP0146,Oncology,West,2,1599,60.03963284159252,45.87687607769284,REP015,Growth,0,Maintain
HCP0147,Neurology,South,10,1190,100.0,63.75311347068613,REP026,Key Target,3,Key Target
HCP0148,Oncology,South,1,966,30.408522452522742,67.21689832821708,REP035,Maintain,2,Low Priority
HCP0149,Cardiology,South,4,299,36.40459259433804,46.315991334822286,REP026,Low Priority,2,Low Priority
HCP0150,Primary Care,Northeast,10,1326,100.0,70.80786953932345,REP020,Key Target,3,Key Target
HCP0151,Primary Care,Midwest,7,676,70.88100700012414,74.59170682311947,REP004,Key Target,1,Growth
HCP0152,Cardiology,Midwest,1,472,19.459371031644448,80.83372931317346,REP013,Maintain,2,Low Priority
HCP0153,Neurology,West,5,426,51.278789648920295,90.56641813439646,REP015,Maintain,2,Low Priority
HCP0154,Cardiology,Northeast,10,1964,100.0,37.67167722681123,REP029,Growth,3,Key Target
HCP0155,Primary Care,Midwest,5,251,50.5320349910515,55.27796418665022,REP000,Maintain,2,Low Priority
HCP0156,Endocrinology,Midwest,6,1607,100.0,55.2255539323732,REP003,Key Target,3,Key Target
HCP0157,Primary Care,Northeast,6,1738,77.2341068853914,53.03852862934985,REP030,Growth,3,Key Target
HCP0158,Primary Care,Northeast,7,110,61.34210019351984,42.01474160779728,REP017,Growth,1,Growth
HCP0159,Primary Care,Midwest,2,1199,39.89347929104876,25.28875993537857,REP010,Low Priority,2,Low Priority
HCP0160,Cardiology,Northeast,9,1175,100.0,56.85358892058007,REP022,Key Target,3,Key Target
HCP0161,Primary Care,Northeast,10,749,99.09745978662288,39.63288680904175,REP020,Growth,1,Growth
HCP0162,Endocrinology,Midwest,2,1350,55.84483819233971,56.7198696149525,REP025,Maintain,0,Maintain
HCP0163,Cardiology,Northeast,9,846,100.0,39.11912916602293,REP012,Growth,3,Key Target
HCP0164,Neurology,South,9,907,96.21436894214544,33.00683308311317,REP031,Growth,3,Key Target
HCP0165,Oncology,Northeast,8,891,95.33141830731344,59.68596720753796,REP012,Key Target,1,Growth
HCP0166,Primary Care,Midwest,4,1611,53.52061684969058,58.01843053612992,REP006,Maintain,0,Maintain
HCP0167,Primary Care,Midwest,5,1284,84.82361838332818,66.58563942641865,REP019,Key Target,0,Maintain
HCP0168,Oncology,West,9,789,94.72549721513872,98.71727532835251,REP039,Key Target,1,Growth
HCP0169,Primary Care,South,2,1857,71.04774684596146,60.54579062421693,REP014,Key Target,0,Maintain
HCP0170,Endocrinology,West,9,1614,100.0,64.7016353412826,REP028,Key Target,3,Key Target
HCP0171,Neurology,Midwest,10,1868,100.0,33.44877342265349,REP000,Growth,3,Key Target
HCP0172,Endocrinology,Midwest,7,1474,94.01750635315818,29.26185118927251,REP000,Growth,3,Key Target
HCP0173,Primary Care,Midwest,4,813,52.188696885300295,86.65658893546667,REP025,Maintain,2,Low Priority
HCP0174,Endocrinology,West,6,1557,89.18954870407991,36.530404401333925,REP036,Growth,3,Key Target
HCP0175,Cardiology,West,1,692,33.97612128743973,34.12111857062716,REP015,Low Priority,2,Low Priority
HCP0176,Oncology,West,10,578,80.3282374775772,54.21802157566894,REP028,Growth,1,Growth
HCP0177,Primary Care,West,4,929,63.01555257373848,53.19615173245224,REP015,Growth,0,Maintain
HCP0178,Primary Care,South,1,1940,56.566255279663416,36.94986987113417,REP014,Low Priority,0,Maintain
HCP0179,Primary Care,South,8,1157,91.29474511100362,48.900535625738,REP021,Growth,3,Key Target
HCP0180,Primary Care,West,7,798,64.18107812492087,79.58751435300209,REP015,Key Target,1,Growth
HCP0181,Primary Care,Midwest,7,950,83.77438934701492,38.88012782336405,REP027,Growth,3,Key Target
HCP0182,Neurology,Midwest,1,617,4.112137191751703,27.126550312676567,REP010,Low Priority,2,Low Priority
HCP0183,Oncology,West,8,1334,100.0,73.85187241799585,REP015,Key Target,3,Key Target
HCP0184,Primary Care,Midwest,7,733,62.38815331621607,64.84593823876074,REP013,Key Target,1,Growth
HCP0185,Primary Care,Northeast,8,1131,92.7026633009398,42.58962758702677,REP030,Growth,3,Key Target
HCP0186,Oncology,South,9,771,90.32164930137664,23.356659677461643,REP014,Growth,3,Key Target
HCP0187,Cardiology,Midwest,3,675,50.23130517835107,40.10753287122874,REP038,Low Priority,2,Low Priority
HCP0188,Primary Care,West,3,1941,71.09575864788889,53.90591126301457,REP016,Growth,0,Maintain
HCP0189,Endocrinology,West,10,724,92.54689151083468,78.31344179767638,REP028,Key Target,1,Growth
HCP0190,Primary Care,Midwest,6,187,48.62217843223037,34.26836050260686,REP038,Low Priority,2,Low Priority
HCP0191,Endocrinology,South,5,788,69.88306215003732,53.30960236977053,REP021,Growth,1,Growth
HCP0192,Cardiology,West,3,1087,55.46537575344715,68.50289319789796,REP009,Maintain,0,Maintain
HCP0193,Primary Care,South,7,234,58.76496014781471,7.374653197561585,REP031,Low Priority,1,Growth
HCP0194,Endocrinology,Northeast,8,646,78.2584286402839,75.67572335877799,REP005,Key Target,1,Growth
HCP0195,Endocrinology,South,1,373,4.787583275316424,31.35098855587125,REP021,Low Priority,2,Low Priority
HCP0196,Neurology,South,6,1026,76.75779360681233,61.63990986913869,REP035,Key Target,1,Growth
HCP0197,Primary Care,South,10,1460,100.0,59.93366299221488,REP021,Key Target,3,Key Target
HCP0198,Endocrinology,Northeast,3,1938,78.46437172668365,76.6917278292769,REP029,Key Target,0,Maintain
HCP0199,Oncology,Midwest,3,808,45.22897273993013,66.0184876178708,REP013,Maintain,2,Low Priority
HCP0200,Primary Care,West,9,1733,100.0,7.454190165400377,REP009,Growth,3,Key Target
HCP0201,Primary Care,Northeast,1,468,10.898915570205553,39.304415056880174,REP017,Low Priority,2,Low Priority
HCP0202,Neurology,Midwest,4,1571,70.45370327167494,57.7641025870656,REP013,Key Target,0,Maintain
HCP0203,Cardiology,Midwest,5,1147,83.0613016073845,51.10040227760426,REP001,Growth,0,Maintain
HCP0204,Cardiology,Northeast,8,1528,100.0,64.55221459513541,REP020,Key Target,3,Key Target
HCP0205,Endocrinology,Northeast,2,1523,48.50530358736081,70.7873311133941,REP020,Maintain,0,Maintain
HCP0206,Cardiology,Midwest,5,1088,68.99173942698758,67.16903472859359,REP027,Key Target,0,Maintain
HCP0207,Primary Care,West,2,551,29.790994851320697,50.7145011489107,REP008,Low Priority,2,Low Priority
HCP0208,Cardiology,Northeast,8,1076,93.15564693915326,18.073259777590398,REP034,Growth,3,Key Target
HCP0209,Neurology,Midwest,7,1662,91.96055651212136,45.890375022903655,REP010,Growth,3,Key Target
HCP0210,Primary Care,Northeast,5,1942,87.83543677839413,63.32736296277911,REP029,Key Target,0,Maintain
HCP0211,Neurology,South,4,1858,65.6655809977863,33.19105494899045,REP024,Growth,0,Maintain
HCP0212,Endocrinology,Midwest,2,403,27.155987614944657,67.62549460243153,REP004,Maintain,2,Low Priority
HCP0213,Primary Care,West,10,1214,100.0,73.1678659453461,REP039,Key Target,3,Key Target
HCP0214,Primary Care,South,7,253,60.50564469884893,57.53733952591685,REP014,Key Target,1,Growth
HCP0215,Primary Care,West,4,1354,52.92959287532169,0.0,REP008,Low Priority,0,Maintain
HCP0216,Cardiology,South,5,1985,97.5332549028117,29.438232745763933,REP031,Growth,3,Key Target
HCP0217,Cardiology,Midwest,8,152,70.71620030394241,92.72378317112162,REP023,Key Target,1,Growth
HCP0218,Primary Care,West,8,1330,91.4418792183922,44.06924413943244,REP039,Growth,3,Key Target
HCP0219,Oncology,Midwest,5,1893,85.0801964252955,15.31713553742008,REP010,Growth,3,Key Target
HCP0220,Oncology,West,4,1702,62.54464477774529,79.70494776620545,REP008,Key Target,0,Maintain
HCP0221,Neurology,West,7,815,68.17171897777676,55.26711183087346,REP008,Key Target,1,Growth
HCP0222,Primary Care,South,7,252,57.99750922914288,77.09880977915451,REP021,Maintain,1,Growth
HCP0223,Primary Care,South,6,1851,100.0,60.53917350438731,REP014,Key Target,3,Key Target
HCP0224,Endocrinology,Midwest,1,1846,49.03397287290019,64.17118272424338,REP032,Maintain,0,Maintain
HCP0225,Primary Care,West,5,1179,74.59670927463006,62.26018495429033,REP008,Key Target,0,Maintain
HCP0226,Cardiology,South,7,1958,100.0,68.94976623842,REP033,Key Target,3,Key Target
HCP0227,Neurology,West,10,59,83.458580486815,100.0,REP009,Key Target,1,Growth
HCP0228,Primary Care,Midwest,6,1252,78.16883598284959,74.42012671918377,REP001,Key Target,0,Maintain
HCP0229,Cardiology,West,4,125,42.10945280074195,23.3932136430893,REP009,Low Priority,2,Low Priority
HCP0230,Cardiology,Midwest,6,1874,90.57150929425153,63.933230305578064,REP001,Key Target,3,Key Target
HCP0231,Oncology,Northeast,2,1376,37.81977399998047,77.82961536206436,REP020,Maintain,0,Maintain
HCP0232,Primary Care,Northeast,1,1831,42.71940774909093,79.05401613072291,REP017,Maintain,0,Maintain
HCP0233,Neurology,South,7,1147,80.41998004845794,46.46790033881801,REP024,Growth,3,Key Target
HCP0234,Primary Care,Midwest,10,212,75.30752023457558,78.29888890376256,REP013,Key Target,1,Growth
HCP0235,Primary Care,Northeast,9,101,77.80669612543642,73.5548479910241,REP005,Key Target,1,Growth
HCP0236,Neurology,Midwest,6,704,61.87385468113537,100.0,REP001,Key Target,1,Growth
HCP0237,Primary Care,South,1,1499,64.47185240021145,39.999965275029766,REP007,Growth,0,Maintain
HCP0238,Cardiology,Midwest,10,344,74.69828323890295,44.8519884719915,REP003,Growth,1,Growth
HCP0239,Cardiology,West,5,1711,84.40406542967841,48.87761903080092,REP008,Growth,3,Key Target
HCP0240,Primary Care,West,3,516,27.876375811954645,45.19555699922449,REP015,Low Priority,2,Low Priority
HCP0241,Primary Care,South,9,1018,93.50278927693856,37.199585004727936,REP024,Growth,3,Key Target
HCP0242,Endocrinology,West,8,446,76.28135578672436,0.0,REP015,Growth,1,Growth
HCP0243,Neurology,Midwest,8,958,69.34702900100571,46.30601052553732,REP006,Growth,1,Growth
HCP0244,Primary Care,Northeast,3,931,49.16960893430422,62.38716119399809,REP020,Maintain,2,Low Priority
HCP0245,Primary Care,Northeast,10,60,96.72325969819336,45.135563089881785,REP022,Growth,1,Growth
HCP0246,Primary Care,West,5,1157,65.29749361305126,93.7076236705822,REP015,Key Target,0,Maintain
HCP0247,Oncology,West,6,1583,89.65346285444407,55.26751625431725,REP009,Key Target,3,Key Target
HCP0248,Oncology,South,8,1875,100.0,80.82058110368271,REP021,Key Target,3,Key Target
HCP0249,Oncology,Northeast,7,694,72.03837199978402,60.228408254599366,REP005,Key Target,1,Growth
HCP0250,Primary Care,Midwest,2,1767,55.52731849174813,71.52814619786515,REP013,Maintain,0,Maintain
HCP0251,Primary Care,Northeast,4,1763,57.86910877022599,60.58483107867124,REP037,Maintain,0,Maintain
HCP0252,Neurology,Northeast,4,1977,86.55292575515978,82.37569263807126,REP017,Key Target,0,Maintain
HCP0253,Endocrinology,Northeast,10,777,98.5196527221688,56.11878700264801,REP011,Key Target,1,Growth
HCP0254,Endocrinology,South,8,1709,98.62352918889472,64.92241416177572,REP031,Key Target,3,Key Target
HCP0255,Primary Care,Northeast,4,1151,61.78777368222155,62.32665867300088,REP011,Key Target,0,Maintain
HCP0256,Primary Care,West,8,163,63.40555714555055,49.23429083745362,REP009,Growth,1,Growth
HCP0257,Cardiology,Midwest,8,577,74.1975909510758,63.09964637849353,REP001,Key Target,1,Growth
HCP0258,Cardiology,Midwest,4,1360,70.85032924886967,99.68772492395364,REP032,Key Target,0,Maintain
HCP0259,Neurology,South,5,363,38.36794070940925,49.59206115809116,REP035,Low Priority,2,Low Priority
HCP0260,Cardiology,West,9,897,100.0,63.38929785706497,REP016,Key Target,1,Growth
HCP0261,Primary Care,Midwest,6,1561,75.84351069505277,80.15557901738886,REP023,Key Target,0,Maintain
HCP0262,Oncology,Northeast,2,342,19.24838873315789,77.8050656188856,REP029,Maintain,2,Low Priority
HCP0263,Cardiology,Northeast,8,1018,100.0,55.23432835438731,REP029,Key Target,3,Key Target
HCP0264,Primary Care,West,6,468,68.71883809313938,7.332225940852766,REP016,Growth,1,Growth
HCP0265,Endocrinology,Northeast,6,1096,76.18083193996353,65.33405637296933,REP037,Key Target,1,Growth
HCP0266,Endocrinology,South,8,519,69.45075827599027,10.61051482753895,REP031,Growth,1,Growth
HCP0267,Endocrinology,Midwest,10,1932,100.0,84.39874461882462,REP001,Key Target,3,Key Target
HCP0268,Cardiology,West,4,199,37.561202516685576,58.38947742386521,REP015,Maintain,2,Low Priority
HCP0269,Cardiology,Northeast,5,1928,88.50018585871679,74.99348039743978,REP037,Key Target,0,Maintain
HCP0270,Cardiology,West,2,1594,55.1230325629923,36.95777723637897,REP015,Low Priority,0,Maintain
HCP0271,Endocrinology,South,7,1718,98.70333988732652,23.949850533998912,REP014,Growth,3,Key Target
HCP0272,Cardiology,Midwest,5,1710,81.03499912235908,60.21508768282335,REP032,Key Target,0,Maintain
HCP0273,Neurology,Northeast,4,415,30.8391701148799,54.32793120087716,REP029,Low Priority,2,Low Priority
HCP0274,Primary Care,West,7,1865,98.49291406271334,45.16918347685669,REP016,Growth,3,Key Target
HCP0275,Oncology,Midwest,5,1208,77.51699243189478,56.69322561465528,REP010,Key Target,0,Maintain
HCP0276,Oncology,Midwest,5,1926,77.20332561959107,100.0,REP001,Key Target,0,Maintain
HCP0277,Neurology,Midwest,5,1762,82.53355590768577,71.69051094738116,REP006,Key Target,0,Maintain
HCP0278,Primary Care,Northeast,3,1180,46.94196856983325,75.98997211726638,REP020,Maintain,0,Maintain
HCP0279,Primary Care,Midwest,2,780,36.39080343518489,71.87873783106711,REP038,Maintain,2,Low Priority
HCP0280,Cardiology,Northeast,9,278,75.84093455146545,84.58924287704386,REP017,Key Target,1,Growth
HCP0281,Endocrinology,Northeast,1,247,25.99414931979735,51.1985665419851,REP011,Low Priority,2,Low Priority
HCP0282,Endocrinology,Midwest,4,809,56.27766523352203,13.904773846494123,REP010,Low Priority,2,Low Priority
HCP0283,Endocrinology,Northeast,7,1631,86.28057467378231,51.2282773398798,REP037,Growth,3,Key Target
HCP0284,Neurology,Midwest,2,1035,47.24482409290959,71.23471419993004,REP013,Maintain,0,Maintain
HCP0285,Oncology,West,7,989,74.5277851499035,35.60399209769852,REP015,Growth,3,Key Target
HCP0286,Cardiology,Northeast,8,526,72.53402902897973,51.47268099021339,REP029,Growth,1,Growth
HCP0287,Oncology,Northeast,7,1150,87.26055216085697,41.164605139953736,REP029,Growth,3,Key Target
HCP0288,Neurology,Northeast,4,1294,60.41602064215892,85.04058503686261,REP012,Key Target,0,Maintain
HCP0289,Cardiology,South,1,1965,64.26784653058364,69.98914030813127,REP035,Key Target,0,Maintain
HCP0290,Primary Care,Midwest,9,1472,100.0,68.03081241287919,REP019,Key Target,3,Key Target
HCP0291,Cardiology,Midwest,4,1234,57.8984275792691,67.43202626241943,REP000,Maintain,0,Maintain
HCP0292,Primary Care,Northeast,9,1824,100.0,54.25501494895746,REP020,Growth,3,Key Target
HCP0293,Cardiology,Midwest,2,878,33.42489001315969,58.95112565055007,REP032,Maintain,2,Low Priority
HCP0294,Primary Care,Midwest,2,1873,71.61853244438251,31.296308389353648,REP010,Growth,0,Maintain
HCP0295,Primary Care,Midwest,8,771,88.30537034888243,11.27116042498865,REP019,Growth,3,Key Target
HCP0296,Primary Care,South,10,299,100.0,58.00162260690048,REP026,Key Target,1,Growth
HCP0297,Primary Care,West,9,864,100.0,61.47980512544289,REP028,Key Target,1,Growth
HCP0298,Primary Care,Midwest,8,301,63.27926374454129,79.18529136850755,REP032,Key Target,1,Growth
HCP0299,Primary Care,West,3,280,31.56335301861831,86.42671632164735,REP009,Maintain,2,Low Priority
HCP0300,Primary Care,South,10,1768,100.0,86.39996969997894,REP024,Key Target,3,Key Target
HCP0301,Cardiology,Midwest,7,1599,89.75415257801386,35.03952813412245,REP013,Growth,3,Key Target
HCP0302,Neurology,Northeast,2,481,22.98433991795464,47.95469930100462,REP011,Low Priority,2,Low Priority
HCP0303,Neurology,Midwest,2,1683,49.61776100689381,64.60668591762759,REP023,Maintain,0,Maintain
HCP0304,Primary Care,South,9,184,68.18490181681268,100.0,REP007,Key Target,1,Growth
HCP0305,Neurology,Northeast,3,604,37.94572497183796,84.60198407427832,REP020,Maintain,2,Low Priority
HCP0306,Oncology,West,8,1426,89.91625265290875,77.3879432399676,REP015,Key Target,3,Key Target
HCP0307,Primary Care,Midwest,2,642,38.78701567310106,47.244240889014186,REP003,Low Priority,2,Low Priority
HCP0308,Endocrinology,West,3,1474,53.50797170065989,37.33600737689751,REP036,Low Priority,0,Maintain
HCP0309,Cardiology,South,3,1754,90.32655176077114,70.77815766766479,REP014,Key Target,0,Maintain
HCP0310,Neurology,Midwest,3,178,24.83892439228484,32.9867747153128,REP004,Low Priority,2,Low Priority
HCP0311,Oncology,Northeast,7,96,58.97614113533642,50.231272980393946,REP034,Low Priority,1,Growth
HCP0312,Endocrinology,South,10,1883,100.0,52.70444101996155,REP033,Growth,3,Key Target
HCP0313,Oncology,Midwest,10,1064,100.0,86.85824178245616,REP000,Key Target,1,Growth
HCP0314,Oncology,Northeast,8,1037,98.88100544642332,47.90605394080645,REP012,Growth,3,Key Target
HCP0315,Oncology,West,3,954,50.2253269658889,6.215007228547691,REP028,Low Priority,2,Low Priority
HCP0316,Oncology,Midwest,10,895,91.60057960976349,65.08889295324937,REP027,Key Target,1,Growth
HCP0317,Primary Care,Northeast,6,1395,84.56033502179696,41.01956293792147,REP037,Growth,3,Key Target
HCP0318,Endocrinology,Midwest,6,1180,68.52855163186196,55.85262048875494,REP019,Key Target,0,Maintain
HCP0319,Primary Care,Midwest,8,368,84.89884210778689,53.26590598315752,REP000,Growth,1,Growth
HCP0320,Primary Care,West,8,1271,100.0,49.52592008364464,REP039,Growth,3,Key Target
HCP0321,Neurology,South,10,1353,100.0,70.80681163569407,REP007,Key Target,3,Key Target
HCP0322,Oncology,Northeast,6,271,35.283994694021416,24.342702432945856,REP011,Low Priority,2,Low Priority
HCP0323,Neurology,Northeast,7,784,67.73267217072775,44.6597155009128,REP029,Growth,1,Growth
HCP0324,Primary Care,South,8,1591,100.0,68.68075826234762,REP026,Key Target,3,Key Target
HCP0325,Primary Care,Northeast,3,1256,65.10306953378524,42.71830449311263,REP005,Growth,0,Maintain
HCP0326,Primary Care,Midwest,4,315,48.748358491937054,22.82386581460057,REP003,Low Priority,2,Low Priority
HCP0327,Neurology,Northeast,7,128,46.46389598206836,68.37110686513472,REP022,Maintain,1,Growth
HCP0328,Primary Care,Northeast,1,1183,39.98741845450324,77.46189260883078,REP012,Maintain,0,Maintain
HCP0329,Endocrinology,West,4,950,63.87412173186344,54.10009584713988,REP028,Growth,0,Maintain
HCP0330,Primary Care,Northeast,8,1924,98.83331547534203,15.783088030609347,REP020,Growth,3,Key Target
HCP0331,Endocrinology,Northeast,10,1068,100.0,69.11939493397632,REP022,Key Target,3,Key Target
HCP0332,Primary Care,West,6,1866,96.84073918646766,21.80224237160624,REP016,Growth,3,Key Target
HCP0333,Primary Care,Northeast,4,467,41.26888332122612,61.17598553696332,REP017,Maintain,2,Low Priority
HCP0334,Cardiology,West,5,922,48.23270515679039,37.250723505156806,REP015,Low Priority,2,Low Priority
HCP0335,Primary Care,Northeast,7,322,61.444415119410166,31.80321428466069,REP029,Growth,1,Growth
HCP0336,Cardiology,Northeast,6,1169,74.6065565579598,46.1617996584062,REP022,Growth,3,Key Target
HCP0337,Primary Care,Northeast,1,417,17.240420763617966,51.3340488714548,REP022,Low Priority,2,Low Priority
HCP0338,Cardiology,South,6,1009,68.71722859659944,42.11583499227103,REP024,Growth,1,Growth
HCP0339,Primary Care,South,5,721,54.48090277406826,66.77406556430302,REP014,Maintain,2,Low Priority
HCP0340,Cardiology,Midwest,8,412,73.98234974122417,46.07861243082333,REP032,Growth,1,Growth
HCP0341,Primary Care,Northeast,9,238,81.4896368397577,74.60381743343643,REP022,Key Target,1,Growth
HCP0342,Primary Care,Northeast,10,1048,100.0,60.62346331286959,REP030,Key Target,3,Key Target
HCP0343,Neurology,South,7,1897,100.0,41.04885586807384,REP033,Growth,3,Key Target
HCP0344,Primary Care,Northeast,4,437,43.66383230603566,37.681202323354285,REP037,Low Priority,2,Low Priority
HCP0345,Primary Care,South,5,839,45.60767259283855,22.050074019051223,REP026,Low Priority,2,Low Priority
HCP0346,Primary Care,South,2,487,31.991281017811662,60.814663557336445,REP031,Maintain,2,Low Priority
HCP0347,Endocrinology,West,10,1627,100.0,47.90824905497284,REP016,Growth,3,Key Target
HCP0348,Neurology,Midwest,9,859,93.79254821278047,7.556089438729714,REP025,Growth,3,Key Target
HCP0349,Cardiology,Northeast,9,1950,100.0,44.28570254461199,REP017,Growth,3,Key Target
HCP0350,Primary Care,Midwest,4,528,29.577475759614018,36.97931941490096,REP025,Low Priority,2,Low Priority
HCP0351,Endocrinology,West,4,207,21.38432904112829,86.51355184341321,REP008,Maintain,2,Low Priority
HCP0352,Neurology,South,9,1185,100.0,20.94442776213381,REP035,Growth,3,Key Target
HCP0353,Neurology,South,6,1320,80.94306515897188,26.172984005318924,REP014,Growth,3,Key Target
HCP0354,Neurology,Midwest,8,1981,100.0,77.199392862114,REP023,Key Target,3,Key Target
HCP0355,Neurology,Northeast,5,1749,80.02798339862044,82.13526314927927,REP005,Key Target,0,Maintain
HCP0356,Primary Care,West,5,1774,89.66482939391945,40.10034122548717,REP009,Growth,3,Key Target
HCP0357,Primary Care,West,7,1286,95.61111074392896,42.35828354382178,REP039,Growth,3,Key Target
HCP0358,Neurology,West,9,751,94.64685835161222,67.32470793106626,REP036,Key Target,1,Growth
HCP0359,Neurology,West,4,886,52.063372332763336,8.458004061093796,REP009,Low Priority,2,Low Priority
HCP0360,Primary Care,Midwest,9,310,62.88848489908477,17.77612630988888,REP001,Growth,1,Growth
HCP0361,Cardiology,Midwest,3,890,52.40388966429703,49.38533198298576,REP027,Low Priority,2,Low Priority
HCP0362,Cardiology,Northeast,5,760,68.77382932974075,85.99781132258252,REP037,Key Target,1,Growth
HCP0363,Cardiology,West,10,120,88.15646729587183,46.28539823666521,REP009,Growth,1,Growth
HCP0364,Primary Care,South,10,448,84.16286058105995,57.01873583470309,REP026,Key Target,1,Growth
HCP0365,Oncology,Midwest,10,1092,100.0,77.67578545128023,REP004,Key Target,1,Growth
HCP0366,Primary Care,West,4,770,58.134237663691565,97.13769466556292,REP036,Maintain,0,Maintain
HCP0367,Primary Care,South,9,1987,100.0,43.46303053703375,REP021,Growth,3,Key Target
HCP0368,Oncology,West,10,983,97.56612060617634,54.66326552533148,REP008,Growth,3,Key Target
HCP0369,Primary Care,West,10,1919,100.0,91.44110442685684,REP015,Key Target,3,Key Target
HCP0370,Primary Care,Northeast,1,1338,47.428176409147646,24.556014496171432,REP022,Low Priority,0,Maintain
HCP0371,Endocrinology,Midwest,8,128,67.65928057150526,75.55162141107644,REP027,Key Target,1,Growth
HCP0372,Oncology,South,10,446,82.21137918358981,34.63368935277484,REP002,Growth,1,Growth
HCP0373,Oncology,West,8,1426,100.0,57.04944734206313,REP039,Key Target,3,Key Target
HCP0374,Endocrinology,Northeast,3,1112,56.42929307052133,50.14761905199452,REP029,Low Priority,0,Maintain
HCP0375,Cardiology,Midwest,8,638,80.65370317064801,35.83976798597541,REP032,Growth,1,Growth
HCP0376,Primary Care,South,2,1068,44.45667941743956,35.3379614468345,REP035,Low Priority,2,Low Priority
HCP0377,Oncology,West,5,1810,83.18035278651416,60.52828728507509,REP009,Key Target,0,Maintain
HCP0378,Oncology,Northeast,7,807,88.00123148572847,74.91078656325364,REP005,Key Target,1,Growth
HCP0379,Primary Care,South,5,137,36.219462530298586,52.405275936229934,REP031,Low Priority,2,Low Priority
HCP0380,Neurology,Midwest,7,656,67.70143389788977,56.40226317466433,REP003,Key Target,1,Growth
HCP0381,Primary Care,Northeast,3,1874,70.9378841082202,66.42348132582094,REP011,Key Target,0,Maintain
HCP0382,Primary Care,South,7,1535,100.0,35.567624539740805,REP021,Growth,3,Key Target
HCP0383,Neurology,Midwest,7,1683,86.0960146392437,69.79385016825846,REP032,Key Target,3,Key Target
HCP0384,Oncology,South,7,1827,91.19262600187648,71.38686194119494,REP031,Key Target,3,Key Target
HCP0385,Primary Care,Midwest,3,279,14.67317193812226,100.0,REP013,Maintain,2,Low Priority
HCP0386,Primary Care,West,4,601,47.28656180202616,47.47791618880835,REP009,Low Priority,2,Low Priority
HCP0387,Primary Care,Northeast,3,166,19.20355346234765,45.838363966637445,REP017,Low Priority,2,Low Priority
HCP0388,Cardiology,West,5,59,38.39859911985667,70.3793174314749,REP028,Maintain,2,Low Priority
HCP0389,Primary Care,Northeast,6,1677,95.21602551913368,71.38208337824277,REP011,Key Target,3,Key Target
HCP0390,Primary Care,South,4,1877,73.79265823373723,44.29825693246576,REP024,Growth,0,Maintain
HCP0391,Cardiology,Midwest,5,353,50.67525618194692,46.93674646139903,REP000,Low Priority,2,Low Priority
HCP0392,Neurology,Midwest,3,1458,58.05529673798623,65.82261676436082,REP006,Maintain,0,Maintain
HCP0393,Primary Care,Northeast,3,1093,56.701914520771496,38.44831518530677,REP012,Low Priority,0,Maintain
HCP0394,Cardiology,South,7,184,64.40102453878407,46.789320239699705,REP026,Growth,1,Growth
HCP0395,Neurology,Northeast,9,1835,100.0,56.791855347368696,REP037,Key Target,3,Key Target
HCP0396,Primary Care,South,3,1748,66.35078597279639,74.91877369644516,REP007,Key Target,0,Maintain
HCP0397,Endocrinology,South,9,1156,100.0,42.90802767640918,REP031,Growth,3,Key Target
HCP0398,Neurology,West,6,1430,86.89701496203277,18.15231075938656,REP028,Growth,3,Key Target
HCP0399,Oncology,South,2,824,25.42430353799095,16.66805064963578,REP035,Low Priority,2,Low Priority
HCP0400,Oncology,Midwest,4,1596,77.14494448937107,29.81173866587733,REP032,Growth,0,Maintain
HCP0401,Primary Care,South,1,917,22.24811502051009,28.736645636001256,REP007,Low Priority,2,Low Priority
HCP0402,Primary Care,West,1,1978,68.75010455968805,51.907784827601816,REP036,Growth,0,Maintain
HCP0403,Cardiology,Midwest,4,173,44.5177907187282,31.2223969280479,REP019,Low Priority,2,Low Priority
HCP0404,Primary Care,Northeast,5,385,51.944083807347205,40.94490080357592,REP011,Low Priority,2,Low Priority
HCP0405,Primary Care,West,8,1939,100.0,39.518282300359004,REP009,Growth,3,Key Target
HCP0406,Endocrinology,Northeast,2,613,29.65274195178064,46.189842783040135,REP037,Low Priority,2,Low Priority
HCP0407,Primary Care,South,9,655,93.80319161120022,81.45008663046245,REP024,Key Target,1,Growth
HCP0408,Cardiology,Northeast,3,1592,60.8337746443035,68.23895178861034,REP017,Key Target,0,Maintain
HCP0409,Primary Care,Northeast,2,419,28.359558965119152,55.32258830552008,REP017,Maintain,2,Low Priority
HCP0410,Primary Care,West,7,1051,89.25047493215561,45.77947438838324,REP036,Growth,3,Key Target
HCP0411,Primary Care,Northeast,8,607,74.68054765179528,46.33534686753958,REP012,Growth,1,Growth
HCP0412,Cardiology,South,7,435,61.945458080074445,61.55492939903899,REP007,Key Target,1,Growth
HCP0413,Primary Care,South,2,1930,54.69507615420433,66.6833814670458,REP024,Maintain,0,Maintain
HCP0414,Cardiology,Northeast,2,439,18.459218030990623,36.84764987798799,REP037,Low Priority,2,Low Priority
HCP0415,Endocrinology,Northeast,4,233,23.197837508467984,55.72961511228463,REP011,Maintain,2,Low Priority
HCP0416,Cardiology,West,5,1364,79.93863031212423,14.36760862673946,REP009,Growth,3,Key Target
HCP0417,Primary Care,South,10,1741,100.0,59.23427568341194,REP021,Key Target,3,Key Target
HCP0418,Endocrinology,Northeast,3,298,42.85263154776244,70.24298483917372,REP011,Maintain,2,Low Priority
HCP0419,Primary Care,West,2,1430,38.74132409098787,49.39862746238249,REP028,Low Priority,0,Maintain
HCP0420,Primary Care,Midwest,10,1104,100.0,91.3305399228021,REP004,Key Target,1,Growth
HCP0421,Cardiology,Northeast,2,1668,69.07685079938845,37.37523105127899,REP011,Growth,0,Maintain
HCP0422,Cardiology,West,1,297,11.770520154090688,59.34880830606522,REP009,Maintain,2,Low Priority
HCP0423,Cardiology,Northeast,5,1953,89.6365794452004,54.28350506668089,REP037,Growth,3,Key Target
HCP0424,Primary Care,South,5,1257,55.36185559356264,52.99404665113183,REP035,Low Priority,0,Maintain
HCP0425,Primary Care,West,7,1692,100.0,52.71355663990505,REP016,Growth,3,Key Target
HCP0426,Endocrinology,South,9,755,82.36652216452227,57.14210060018944,REP021,Key Target,1,Growth
HCP0427,Primary Care,South,10,1889,100.0,71.959174869274,REP033,Key Target,3,Key Target
HCP0428,Cardiology,Midwest,3,1271,43.28537662248896,82.55472472549488,REP003,Maintain,0,Maintain
HCP0429,Primary Care,Northeast,10,297,91.76786579582075,54.95499510991685,REP029,Growth,1,Growth
HCP0430,Primary Care,South,7,1849,100.0,71.30632144343267,REP026,Key Target,3,Key Target
HCP0431,Primary Care,West,1,1601,41.75956110627866,40.96466107466435,REP028,Low Priority,0,Maintain
HCP0432,Primary Care,Northeast,10,635,86.77961934871652,70.31910905452466,REP012,Key Target,1,Growth
HCP0433,Primary Care,West,2,1114,26.601815659600152,39.76016952346019,REP036,Low Priority,2,Low Priority
HCP0434,Cardiology,Midwest,6,806,66.01869172739859,76.81319872176265,REP019,Key Target,1,Growth
HCP0435,Endocrinology,South,8,1109,87.07224852574716,99.2128175478648,REP033,Key Target,1,Growth
HCP0436,Cardiology,Northeast,3,1932,59.89184470121556,52.55832224057217,REP011,Low Priority,0,Maintain
HCP0437,Neurology,South,3,1802,72.67415005049737,11.149130183851824,REP026,Growth,0,Maintain
HCP0438,Primary Care,Northeast,5,470,48.15023694508281,44.03854133510354,REP034,Low Priority,2,Low Priority
HCP0439,Primary Care,Midwest,9,1945,100.0,79.63750268578607,REP004,Key Target,3,Key Target
HCP0440,Primary Care,South,3,903,42.13842075487643,66.0615357405049,REP031,Maintain,2,Low Priority
HCP0441,Endocrinology,Northeast,7,1424,100.0,59.97827197350059,REP005,Key Target,3,Key Target
HCP0442,Primary Care,Midwest,5,1540,83.32349555004178,75.17336711909678,REP025,Key Target,0,Maintain
HCP0443,Endocrinology,South,2,991,39.73479150801208,64.68906878496844,REP026,Maintain,2,Low Priority
HCP0444,Endocrinology,Northeast,8,940,92.45284014771882,79.35450374902273,REP011,Key Target,1,Growth
HCP0445,Primary Care,Midwest,9,939,86.18770434890608,73.38847353293971,REP000,Key Target,1,Growth
HCP0446,Primary Care,Midwest,6,1731,91.53396080581624,85.43400905473918,REP025,Key Target,3,Key Target
HCP0447,Primary Care,South,2,803,37.25357864389176,62.175921678125086,REP014,Maintain,2,Low Priority
HCP0448,Cardiology,West,2,595,27.116307932010184,73.10518802987909,REP016,Maintain,2,Low Priority
HCP0449,Primary Care,West,5,755,62.358666687659344,48.85745853828429,REP008,Growth,2,Low Priority
HCP0450,Cardiology,Northeast,6,430,52.50653236284439,42.970783768819885,REP037,Low Priority,2,Low Priority
HCP0451,Primary Care,Northeast,6,813,72.40356566220895,89.13535280837947,REP022,Key Target,1,Growth
HCP0452,Primary Care,Northeast,3,272,35.214870172250336,59.32409352645376,REP037,Maintain,2,Low Priority
HCP0453,Endocrinology,South,6,225,30.28772095442347,71.09761131724758,REP007,Maintain,2,Low Priority
HCP0454,Cardiology,Northeast,3,1461,70.04744562808094,57.47480028822781,REP012,Key Target,0,Maintain
HCP0455,Endocrinology,Northeast,7,201,36.643939477177966,43.26968698160072,REP029,Low Priority,2,Low Priority
HCP0456,Primary Care,West,8,1158,88.021607795551,55.21965785164802,REP028,Key Target,3,Key Target
HCP0457,Neurology,West,7,1570,100.0,83.71988035535429,REP036,Key Target,3,Key Target
HCP0458,Primary Care,West,1,1462,42.01170619798047,66.10480148558848,REP039,Maintain,0,Maintain
HCP0459,Primary Care,Midwest,10,919,91.24551214024366,20.77053680539082,REP027,Growth,3,Key Target
HCP0460,Neurology,South,1,427,9.925103506266636,50.6951108684769,REP007,Low Priority,2,Low Priority
HCP0461,Cardiology,South,10,1864,100.0,90.64587585409424,REP018,Key Target,3,Key Target
HCP0462,Primary Care,Northeast,1,1678,34.577963755610895,50.72406276300088,REP037,Low Priority,0,Maintain
HCP0463,Oncology,South,6,1243,88.10692880769614,18.990426165316386,REP024,Growth,3,Key Target
HCP0464,Neurology,South,2,219,21.034183207661687,92.86097770845087,REP033,Maintain,2,Low Priority
HCP0465,Primary Care,Midwest,1,118,1.4108373564605312,68.64785019625586,REP019,Maintain,2,Low Priority
HCP0466,Primary Care,West,7,664,67.93507942157846,53.599742823744,REP008,Growth,1,Growth
HCP0467,Primary Care,South,8,357,64.78720527118686,47.57164527835863,REP021,Growth,1,Growth
HCP0468,Cardiology,South,2,1727,66.10480160686822,76.64703859583472,REP033,Key Target,0,Maintain
HCP0469,Neurology,South,10,451,97.1344224781027,44.16033199547615,REP026,Growth,1,Growth
HCP0470,Oncology,West,4,601,33.271710928991624,77.96512849031977,REP008,Maintain,2,Low Priority
HCP0471,Neurology,South,4,1952,77.57126305184532,65.84390571448512,REP014,Key Target,0,Maintain
HCP0472,Cardiology,Midwest,3,1645,58.219514701245785,59.893638509747,REP032,Maintain,0,Maintain
HCP0473,Cardiology,West,5,476,62.24807974767496,57.910296106711904,REP039,Key Target,1,Growth
HCP0474,Endocrinology,South,2,797,25.12420705498863,51.50063926571644,REP031,Low Priority,2,Low Priority
HCP0475,Oncology,West,5,1055,79.20883283748012,75.91280240418531,REP008,Key Target,0,Maintain
HCP0476,Oncology,Northeast,3,1345,57.3586420838645,37.69314335796332,REP029,Low Priority,0,Maintain
HCP0477,Primary Care,Midwest,1,1875,45.5795247489593,22.561497463395817,REP027,Low Priority,0,Maintain
HCP0478,Primary Care,West,4,1748,70.28180652792578,67.2888024578495,REP028,Key Target,0,Maintain
HCP0479,Oncology,South,7,1955,98.4620492738524,67.62476656134295,REP024,Key Target,3,Key Target
HCP0480,Oncology,West,8,129,57.02805278387595,64.60482305023534,REP016,Maintain,1,Growth
HCP0481,Endocrinology,Northeast,4,510,45.50861487784301,63.154567392360775,REP012,Maintain,2,Low Priority
HCP0482,Neurology,Northeast,4,1147,50.85167559446525,48.589192433249046,REP012,Low Priority,0,Maintain
HCP0483,Oncology,West,8,145,50.18207033009449,70.74965408771051,REP036,Maintain,1,Growth
HCP0484,Cardiology,Midwest,7,742,71.51258823321461,54.08883746490918,REP000,Growth,1,Growth
HCP0485,Oncology,South,9,349,66.30215042865693,45.25772878369644,REP002,Growth,1,Growth
HCP0486,Neurology,Midwest,10,1869,100.0,48.762173754892,REP010,Growth,3,Key Target
HCP0487,Endocrinology,Midwest,9,173,69.05217689117316,95.41279397551664,REP027,Key Target,1,Growth
HCP0488,Neurology,West,10,339,81.50527142379349,20.300478359091343,REP028,Growth,1,Growth
HCP0489,Neurology,Northeast,5,430,66.75770481272123,64.99576208591597,REP022,Key Target,1,Growth
HCP0490,Primary Care,West,4,339,40.92629253735657,21.41779144752566,REP016,Low Priority,2,Low Priority
HCP0491,Primary Care,West,4,1158,62.91296807196266,52.83533323354054,REP008,Growth,0,Maintain
HCP0492,Primary Care,South,3,760,28.788813629261643,46.32745029691625,REP018,Low Priority,2,Low Priority
HCP0493,Oncology,Midwest,8,1829,100.0,13.29943406640244,REP001,Growth,3,Key Target
HCP0494,Primary Care,Northeast,8,558,79.6724210395321,62.78075180867526,REP030,Key Target,1,Growth
HCP0495,Neurology,South,9,1097,91.22876869669597,47.39923875615608,REP031,Growth,3,Key Target
HCP0496,Oncology,Midwest,2,1337,56.68950274814388,13.01587314877512,REP004,Low Priority,0,Maintain
HCP0497,Primary Care,Northeast,5,1270,62.12842731279176,71.79136181548505,REP012,Key Target,0,Maintain
HCP0498,Oncology,Midwest,3,1602,61.7590709130786,83.7001235597787,REP006,Key Target,0,Maintain
HCP0499,Neurology,West,9,443,78.38658688019554,84.80248684593144,REP039,Key Target,1,Growth
HCP0500,Primary Care,Midwest,3,1039,51.28956527505533,62.17912881302942,REP013,Maintain,0,Maintain
HCP0501,Primary Care,Northeast,2,1611,51.15107942515659,55.92116277154231,REP030,Maintain,0,Maintain
HCP0502,Primary Care,South,6,1732,89.1328509834325,81.56313241791594,REP021,Key Target,3,Key Target
HCP0503,Neurology,Northeast,9,1254,100.0,88.64767170680196,REP029,Key Target,3,Key Target
HCP0504,Neurology,West,10,1321,100.0,77.6713740575125,REP016,Key Target,3,Key Target
HCP0505,Primary Care,West,1,1735,55.2557509479769,36.169247955403975,REP009,Low Priority,0,Maintain
HCP0506,Oncology,West,4,1268,65.60710699869941,59.02689706429844,REP039,Key Target,0,Maintain
HCP0507,Primary Care,West,2,1900,62.791088437974665,63.79032288582857,REP028,Key Target,0,Maintain
HCP0508,Neurology,Northeast,4,298,36.00633333230434,18.807660621655412,REP030,Low Priority,2,Low Priority
HCP0509,Cardiology,Northeast,6,728,72.57235224415997,64.38721319241549,REP037,Key Target,1,Growth
HCP0510,Cardiology,Midwest,3,268,28.813326049486548,100.0,REP004,Maintain,2,Low Priority
HCP0511,Primary Care,Midwest,1,226,11.196421697392502,67.79872331601582,REP001,Maintain,2,Low Priority
HCP0512,Cardiology,West,6,970,73.087520239105,84.46826162883512,REP028,Key Target,1,Growth
HCP0513,Endocrinology,South,1,490,33.822693463766804,58.6582946025741,REP018,Maintain,2,Low Priority
HCP0514,Oncology,South,3,843,34.35215033583037,53.53563352032357,REP021,Low Priority,2,Low Priority
HCP0515,Endocrinology,West,1,903,36.73385514444284,62.62542780161951,REP009,Maintain,2,Low Priority
HCP0516,Oncology,South,1,1260,24.35463071009516,38.68346704031135,REP018,Low Priority,2,Low Priority
HCP0517,Primary Care,Midwest,5,1894,89.08818526582898,35.72449625531223,REP010,Growth,3,Key Target
HCP0518,Cardiology,Midwest,9,1706,100.0,80.32609114338732,REP006,Key Target,3,Key Target
HCP0519,Primary Care,South,8,787,87.58434819573846,82.44684685733037,REP031,Key Target,1,Growth
HCP0520,Primary Care,Northeast,1,684,26.465000628318343,35.17787368825299,REP022,Low Priority,2,Low Priority
HCP0521,Oncology,South,1,1553,42.3414042495754,74.35997609107729,REP021,Maintain,0,Maintain
HCP0522,Endocrinology,South,4,291,39.52337760390843,53.26080048787958,REP007,Low Priority,2,Low Priority
HCP0523,Primary Care,South,7,1103,81.55849747677316,61.79617148980861,REP024,Key Target,1,Growth
HCP0524,Cardiology,South,8,874,79.56218713654916,64.20437278870126,REP007,Key Target,1,Growth
HCP0525,Oncology,West,9,406,79.83099507620105,74.88700936248637,REP015,Key Target,1,Growth
HCP0526,Primary Care,West,4,1252,64.88704928501151,56.654364037263775,REP015,Key Target,0,Maintain
HCP0527,Primary Care,South,2,675,26.73726345175488,83.20323990603872,REP007,Maintain,2,Low Priority
HCP0528,Primary Care,Midwest,1,411,11.824745434522526,61.1882567951985,REP010,Maintain,2,Low Priority
HCP0529,Oncology,Northeast,2,1323,38.193052499262606,67.48368544939065,REP012,Maintain,0,Maintain
HCP0530,Primary Care,West,1,389,20.85080020871117,38.33474816925507,REP036,Low Priority,2,Low Priority
HCP0531,Primary Care,West,9,1362,100.0,98.17318021409667,REP039,Key Target,3,Key Target
HCP0532,Oncology,South,3,366,35.00328355389214,64.39649846409932,REP002,Maintain,2,Low Priority
HCP0533,Primary Care,West,9,897,100.0,69.25994850690199,REP028,Key Target,1,Growth
HCP0534,Cardiology,West,6,1625,89.32794109664582,22.836283775769168,REP028,Growth,3,Key Target
HCP0535,Endocrinology,West,6,495,63.51108749892605,38.545959538417975,REP015,Growth,1,Growth
HCP0536,Neurology,South,5,1546,81.0806994051005,79.75767375837461,REP021,Key Target,0,Maintain
HCP0537,Endocrinology,Northeast,9,1457,100.0,60.7378223658521,REP030,Key Target,3,Key Target
HCP0538,Endocrinology,Northeast,1,1810,49.00342537496282,16.724405303421477,REP017,Low Priority,0,Maintain
HCP0539,Primary Care,Northeast,1,379,35.18822092633529,75.76579857967639,REP005,Maintain,2,Low Priority
HCP0540,Primary Care,Midwest,5,1444,72.48439216117193,44.124343912945534,REP006,Growth,0,Maintain
HCP0541,Neurology,South,4,1876,73.57297831103651,83.22633971753424,REP014,Key Target,0,Maintain
HCP0542,Primary Care,Midwest,6,1537,89.89707858760086,53.24328642792601,REP006,Growth,3,Key Target
HCP0543,Primary Care,Northeast,8,416,76.41483532236005,59.0941337204106,REP012,Key Target,1,Growth
HCP0544,Cardiology,Northeast,6,1653,78.08666761911738,78.57909157183298,REP011,Key Target,0,Maintain
HCP0545,Oncology,West,3,259,39.45642603650991,37.05014058290675,REP039,Low Priority,2,Low Priority
HCP0546,Oncology,West,4,1198,61.196443397193335,35.14306384332121,REP008,Growth,0,Maintain
HCP0547,Cardiology,Midwest,8,1020,80.61255123827424,51.07003159203785,REP025,Growth,1,Growth
HCP0548,Primary Care,West,3,1085,60.63527291483099,71.54345599242444,REP036,Key Target,0,Maintain
HCP0549,Oncology,South,6,1063,79.58040457276924,28.38245494773019,REP026,Growth,3,Key Target
HCP0550,Neurology,West,6,111,40.65866406441668,21.639308002218065,REP039,Low Priority,2,Low Priority
HCP0551,Endocrinology,West,8,1040,100.0,71.47441854087585,REP008,Key Target,3,Key Target
HCP0552,Endocrinology,South,8,1876,100.0,42.94043374865993,REP018,Growth,3,Key Target
HCP0553,Primary Care,Midwest,5,901,62.44343107499963,47.15547974159434,REP003,Growth,0,Maintain
HCP0554,Cardiology,South,4,589,59.44675044497424,17.863791961196682,REP024,Low Priority,2,Low Priority
HCP0555,Endocrinology,Midwest,4,1989,82.99938227063711,41.420413712960354,REP023,Growth,0,Maintain
HCP0556,Endocrinology,Midwest,5,243,45.85033539916775,54.84865406737698,REP032,Low Priority,2,Low Priority
HCP0557,Neurology,South,3,998,43.66759907182409,73.60755715245784,REP018,Maintain,2,Low Priority
HCP0558,Neurology,South,7,1049,86.87980351445663,39.575396675307225,REP014,Growth,3,Key Target
HCP0559,Neurology,South,3,981,52.33782373859184,88.14752240464993,REP035,Maintain,0,Maintain
HCP0560,Cardiology,Midwest,7,1847,100.0,41.30887951640399,REP023,Growth,3,Key Target
HCP0561,Endocrinology,Midwest,8,872,79.48010916905918,41.338163968296506,REP025,Growth,1,Growth
HCP0562,Primary Care,Northeast,10,1947,100.0,85.74715103795604,REP020,Key Target,3,Key Target
HCP0563,Primary Care,South,2,180,19.941609713902896,59.22920304727835,REP021,Maintain,2,Low Priority
HCP0564,Primary Care,South,8,1481,90.3572054501264,43.95950541976847,REP018,Growth,3,Key Target
HCP0565,Primary Care,West,1,1206,26.375501189406517,51.89733737638813,REP036,Low Priority,2,Low Priority
HCP0566,Primary Care,South,4,519,49.49622703047816,82.06147155084119,REP014,Maintain,2,Low Priority
HCP0567,Cardiology,Midwest,2,494,7.53489347958649,84.32405639251364,REP038,Maintain,2,Low Priority
HCP0568,Oncology,Northeast,2,1453,53.96828421569008,38.66413641459488,REP011,Low Priority,0,Maintain
HCP0569,Neurology,Northeast,2,1293,44.500335537969406,54.15132379841784,REP020,Low Priority,0,Maintain
HCP0570,Oncology,Midwest,1,1241,49.49097285503928,56.80313655335146,REP006,Maintain,0,Maintain
HCP0571,Primary Care,Midwest,9,149,71.77725432676898,35.27519778966805,REP023,Growth,1,Growth
HCP0572,Neurology,Midwest,1,1215,43.65087371401517,53.886298947000114,REP023,Low Priority,0,Maintain
HCP0573,Primary Care,Midwest,4,1963,77.89968927009767,55.10645720903401,REP032,Key Target,0,Maintain
HCP0574,Primary Care,West,7,83,58.98498522788915,77.80418957873471,REP036,Maintain,1,Growth
HCP0575,Neurology,Northeast,10,964,100.0,79.14850056622402,REP012,Key Target,1,Growth
HCP0576,Primary Care,Midwest,9,1014,93.64955426940335,48.41581203281984,REP003,Growth,3,Key Target
HCP0577,Neurology,Northeast,2,1798,68.92243907598723,50.720937122783766,REP034,Growth,0,Maintain
HCP0578,Primary Care,Midwest,10,601,87.07541698314814,68.2858460411127,REP013,Key Target,1,Growth
HCP0579,Oncology,South,7,977,82.78174274046702,43.29623102145977,REP002,Growth,3,Key Target
HCP0580,Neurology,Northeast,2,1448,59.581117782302826,66.77280303474805,REP034,Maintain,0,Maintain
HCP0581,Neurology,Midwest,5,167,49.455299934322674,53.241870252615705,REP023,Low Priority,2,Low Priority
HCP0582,Cardiology,Northeast,10,1612,100.0,35.61202844522759,REP005,Growth,3,Key Target
HCP0583,Oncology,West,4,1653,67.21748546151471,35.863265742407066,REP036,Growth,0,Maintain
HCP0584,Primary Care,South,2,1453,41.2918059892113,83.94117392062205,REP026,Maintain,0,Maintain
HCP0585,Primary Care,Northeast,9,1313,96.87031913203904,51.87157041713403,REP029,Growth,3,Key Target
HCP0586,Endocrinology,Northeast,10,1507,100.0,87.80708187796623,REP034,Key Target,3,Key Target
HCP0587,Oncology,Northeast,10,1574,100.0,44.7272747857018,REP020,Growth,3,Key Target
HCP0588,Endocrinology,Midwest,10,1811,100.0,60.82410402262987,REP010,Key Target,3,Key Target
HCP0589,Cardiology,West,9,884,85.11634360714295,100.0,REP028,Key Target,1,Growth
HCP0590,Primary Care,South,5,939,69.60993834663249,33.852265106734414,REP007,Growth,0,Maintain
HCP0591,Oncology,West,2,1293,38.52736177879568,17.043710002004467,REP009,Low Priority,2,Low Priority
HCP0592,Oncology,Midwest,7,426,75.92159665901521,80.73180262574466,REP027,Key Target,1,Growth
HCP0593,Neurology,Midwest,3,1719,89.83450738511891,38.46381789213853,REP003,Growth,0,Maintain
HCP0594,Cardiology,Midwest,5,1552,81.7316091725724,54.585872717875326,REP013,Growth,0,Maintain
HCP0595,Endocrinology,Northeast,7,1280,92.66486508526197,43.2816357909683,REP012,Growth,3,Key Target
HCP0596,Primary Care,West,10,638,92.00712184883552,60.363255619106326,REP009,Key Target,1,Growth
HCP0597,Primary Care,Northeast,3,727,27.693293431305467,35.98927585628516,REP022,Low Priority,2,Low Priority
HCP0598,Primary Care,Midwest,3,898,41.628245095758224,51.40119824233388,REP027,Low Priority,2,Low Priority
HCP0599,Primary Care,South,8,1341,88.78183807121002,63.996306531130685,REP021,Key Target,3,Key Target
